clientId,status,manifestRequests,noticeRequests,noticeRetries,bytes,manifestDetectedMs,endToEndMs
1,ready,2,2,1,636,4319.92,7756.59
2,ready,1,2,1,636,1069.75,3433.22
3,ready,1,1,0,636,2438.64,4311.21
4,ready,1,1,0,636,1070.04,3112.42
5,ready,1,1,0,636,1304.2,2530.74
6,ready,3,1,0,636,6548.93,9151.54
7,ready,1,1,0,636,1221.67,3030.01
8,ready,1,1,0,636,1301.78,2667.79
9,ready,1,1,0,636,1693.83,3973.52
10,ready,1,1,0,636,1399.7,3852.4
11,ready,1,1,0,636,2076.28,3187.18
12,ready,1,1,0,636,1352.44,2912.84
13,ready,1,1,0,636,1412.36,3489.59
14,ready,1,1,0,636,1488.08,3771.42
15,ready,1,1,0,636,1237.22,3252.13
16,ready,1,1,0,636,2212.54,4280.22
17,ready,1,1,0,636,1100.12,3573.01
18,ready,1,1,0,636,2235.03,4684.77
19,ready,1,1,0,636,2468.73,4808.75
20,ready,1,1,0,636,1527.01,3283.22
21,ready,1,1,0,636,1207.13,3467.04
22,ready,1,1,0,636,2544.23,3849.06
23,ready,1,1,0,636,2161.24,3348.4
24,ready,1,2,1,636,1366.35,3893.69
25,ready,1,1,0,636,1340.38,2911.64
26,ready,1,1,0,636,1144.18,2565.24
27,ready,1,1,0,636,1429.38,3564.39
28,ready,1,1,0,636,1301.8,2979.31
29,ready,1,1,0,636,1610.85,3138.11
30,ready,1,1,0,636,2013.89,4453.25
31,ready,1,1,0,636,1488.12,3839.4
32,ready,1,1,0,636,2345.65,4453.22
33,ready,1,1,0,636,1497.26,2911.6
34,ready,1,2,1,636,2183.15,5261.48
35,ready,2,1,0,636,3498.35,5096.35
36,ready,2,2,1,636,3257.25,4865.89
37,ready,1,1,0,636,1226.51,2682.14
38,ready,1,1,0,636,1472.57,3189.69
39,ready,1,1,0,636,2076.45,4370.86
40,ready,1,1,0,636,1310.09,3381.18
41,ready,2,1,0,636,3330.96,5584.3
42,ready,1,2,1,636,1934.55,4388.27
43,ready,1,1,0,636,1785.34,3252.15
44,ready,1,1,0,636,1785.35,3233.61
45,ready,1,2,1,636,1561.67,3528.72
46,ready,1,1,0,636,1412.39,3399.49
47,ready,1,1,0,636,1260.08,3293.89
48,notice_fetch_failed,1,3,2,240,2491.04,4478.93
49,ready,1,3,2,636,1389.14,5531.49
50,ready,1,1,0,636,1252.46,3181.31
51,ready,1,1,0,636,1897.37,3449.14
52,ready,1,1,0,636,1146.91,2696.11
53,ready,1,1,0,636,1074.91,2633.5
54,ready,2,1,0,636,3534.2,4501.3
55,ready,1,1,0,636,1722.24,3553.44
56,ready,1,1,0,636,1390.63,2774.94
57,ready,1,1,0,636,2533.22,4071.75
58,ready,1,2,1,636,2470.18,5151.7
59,ready,1,1,0,636,2005.63,4216.61
60,ready,2,1,0,636,3966.48,6168.4
61,ready,1,1,0,636,1676.82,3432.08
62,ready,2,1,0,636,3454.94,5179.59
63,ready,1,1,0,636,1150.05,2891.54
64,ready,1,1,0,636,2204.14,3285.61
65,ready,1,2,1,636,1699.32,3682.68
66,ready,2,1,0,636,4169.45,5897.29
67,ready,1,1,0,636,2161.18,4325.8
68,ready,1,1,0,636,1209.01,2410.17
69,ready,1,1,0,636,2558.16,3886.33
70,ready,1,1,0,636,2375.81,4022.71
71,ready,1,1,0,636,1677.12,3640.61
72,ready,1,1,0,636,1887.69,3029.69
73,ready,2,2,1,636,3458.25,5120.52
74,ready,1,1,0,636,1109.37,3353.92
75,ready,1,1,0,636,1315.44,2928.33
76,ready,1,1,0,636,1202.9,2774.99
77,ready,2,1,0,636,3881.4,5963.31
78,ready,1,1,0,636,1156.21,3486.82
79,ready,1,1,0,636,1310.15,3169.17
80,ready,1,1,0,636,1597.37,2929.66
81,ready,1,1,0,636,1150.02,2837.23
82,ready,1,1,0,636,1443.78,3883.79
83,ready,1,1,0,636,1301.7,3747
84,ready,1,1,0,636,2204.16,3796.14
85,ready,1,1,0,636,1610.89,3918.89
86,ready,1,1,0,636,1116.59,3029.66
87,ready,1,1,0,636,1390.44,3769.09
88,ready,1,1,0,636,2242.76,3937.4
89,ready,3,2,1,636,6849.34,9877.68
90,ready,1,1,0,636,1995.35,3869.47
91,ready,1,1,0,636,2280.01,3937.43
92,ready,1,1,0,636,1289.72,3135.34
93,ready,1,1,0,636,2438.71,4887.96
94,ready,1,2,1,636,2609.35,5366.98
95,ready,1,1,0,636,1563.09,3189.72
96,ready,1,2,1,636,2053.9,3986.15
97,ready,1,1,0,636,1869.01,2775.01
98,ready,1,2,1,636,1340.32,4331.04
99,ready,1,2,1,636,1643.16,4268.49
100,ready,1,1,0,636,1889.11,4418.83
101,ready,1,1,0,636,1133.3,3169.15
102,ready,1,1,0,636,1194.94,2642.18
103,ready,1,1,0,636,1808.32,3716.51
104,ready,1,1,0,636,1409.63,3135.04
105,ready,1,1,0,636,1730.32,3029.71
106,ready,1,1,0,636,1387.7,3032.39
107,ready,1,2,1,636,1178.2,3952.74
108,ready,2,2,1,636,3434.91,5696.16
109,ready,1,2,1,636,1221.7,4363.42
110,ready,2,1,0,636,4319.9,5666.24
111,ready,1,1,0,636,1349.29,3726.22
112,ready,1,1,0,636,2101.73,4450.85
113,ready,3,1,0,636,6718.7,7922.29
114,ready,1,1,0,636,2047.16,4187.79
115,ready,1,1,0,636,1941.04,3543.03
116,ready,2,1,0,636,3750.17,5703.15
117,ready,1,1,0,636,1130.06,2575.16
118,ready,1,1,0,636,1073.85,3507.08
119,ready,1,1,0,636,1389.1,3126.11
120,ready,1,2,1,636,1982.55,4253.57
121,ready,1,1,0,636,1612.15,3507.06
122,ready,1,2,1,636,1071.78,4569.63
123,ready,1,1,0,636,1785.41,3729.42
124,ready,3,1,0,636,5921.3,7663.36
125,ready,2,1,0,636,3889.06,5342.4
126,ready,2,1,0,636,3308.6,5462.01
127,ready,1,1,0,636,1982.49,4453.19
128,ready,1,1,0,636,1785.39,3476.49
129,ready,1,1,0,636,1366.3,3030.15
130,ready,1,1,0,636,2374.53,3306.4
131,ready,1,1,0,636,1887.77,3874.19
132,ready,1,1,0,636,2244,4417.61
133,ready,1,1,0,636,1226.44,3029.65
134,ready,1,1,0,636,2305.35,4706.61
135,ready,1,1,0,636,1979.98,3420.44
136,ready,1,1,0,636,1436.38,3798.3
137,ready,1,1,0,636,1480.96,3286.35
138,ready,2,1,0,636,3881.32,6068.19
139,ready,1,1,0,636,1202.93,2981.66
140,ready,1,1,0,636,1350.56,3426.18
141,ready,2,1,0,636,3321.98,5783.24
142,ready,1,1,0,636,1470.84,2620.28
143,ready,1,1,0,636,2404.35,3509.87
144,ready,1,1,0,636,1994.08,3029.63
145,ready,1,1,0,636,1340.43,3056.79
146,ready,1,1,0,636,1886.31,3642.99
147,ready,2,3,2,636,4412.24,8441.73
148,ready,1,1,0,636,1094.06,3102.29
149,ready,1,1,0,636,1389.18,2940.12
150,ready,1,1,0,636,1366.24,3256.24
151,ready,1,1,0,636,2495.18,4745.11
152,ready,2,1,0,636,4044.13,6537.81
153,ready,1,1,0,636,1871.65,3097.97
154,ready,3,1,0,636,6074.64,8306.03
155,ready,1,1,0,636,1565.84,3961.1
156,ready,1,2,1,636,2544.28,5034.66
157,ready,1,1,0,636,1399.67,3269.08
158,ready,1,2,1,636,2279.95,4140.14
159,ready,1,1,0,636,1983.89,3144.35
160,ready,1,2,1,636,1871.67,3839.38
161,ready,1,1,0,636,1941.06,3348.37
162,ready,1,1,0,636,1399.58,3639.22
163,ready,1,2,1,636,1838.74,4584.76
164,ready,1,1,0,636,2440.15,4090.48
165,ready,1,1,0,636,1472.45,3841.27
166,ready,1,1,0,636,1958.41,3364.36
167,ready,1,2,1,636,1887.75,3522.52
168,ready,1,1,0,636,2235,3656.08
169,ready,1,1,0,636,2279.92,3525.88
170,ready,1,1,0,636,2212.56,3733.26
171,ready,1,1,0,636,2040.17,3098.46
172,ready,1,1,0,636,1609.36,4040.14
173,ready,1,1,0,636,1533.43,2929.73
174,ready,1,1,0,636,1221.63,2795.01
175,ready,1,1,0,636,1187.56,3621.72
176,ready,2,1,0,636,3610.11,4693.91
177,ready,1,1,0,636,1069.96,3232.38
178,ready,1,1,0,636,1867.42,3358.01
179,ready,1,2,1,636,1190.14,2878.17
180,ready,1,1,0,636,1116.65,2329.21
181,ready,1,1,0,636,2470.14,4877.99
182,ready,2,1,0,636,4738.08,6678.68
183,ready,1,1,0,636,1367.27,3553.46
184,ready,1,1,0,636,2279.98,4347.86
185,ready,1,1,0,636,2306.61,3891.52
186,ready,1,1,0,636,1206.99,3056.7
187,ready,1,1,0,636,2346.93,4728.92
188,ready,1,1,0,636,1610.79,3184.33
189,ready,1,1,0,636,1528.48,2682.03
190,ready,1,1,0,636,2353.02,4661.63
191,ready,1,2,1,636,1983.87,4328.32
192,ready,1,1,0,636,1098.24,2329.18
193,ready,1,1,0,636,1173.01,2562.75
194,ready,1,1,0,636,2267.21,3206.77
195,ready,1,1,0,636,1323.05,2775.14
196,ready,1,1,0,636,1429.25,2774.98
197,ready,1,3,2,636,1887.78,5979.46
198,ready,1,1,0,636,1867.38,2983.86
199,ready,1,1,0,636,1252.39,2774.96
200,ready,1,1,0,636,1958.24,3399.5
201,ready,2,1,0,636,4552.58,5954.66
202,ready,1,1,0,636,1990.61,3527.37
203,ready,1,1,0,636,1532.97,2775.17
204,ready,1,1,0,636,1077.55,3169.14
205,ready,1,1,0,636,1194.99,3144.39
206,ready,2,1,0,636,3262.54,4779.08
207,ready,1,1,0,636,1497.16,3098.03
208,ready,1,1,0,636,1728.33,3355.52
209,ready,1,1,0,636,1399.46,3749.54
210,ready,1,1,0,636,1215.14,2981.76
211,ready,1,1,0,636,1489.51,2667.87
212,ready,1,1,0,636,1958.44,4335.81
213,ready,1,2,1,636,1257.17,4038.95
214,ready,1,1,0,636,1152.89,3098.38
215,ready,2,1,0,636,3501.85,5238.78
216,ready,1,1,0,636,1437.92,2912.89
217,ready,2,1,0,636,4437.85,5344.9
218,ready,1,1,0,636,1717.05,4072.13
219,ready,1,1,0,636,1323.01,3236.19
220,ready,1,1,0,636,1252.42,3256.21
221,ready,1,1,0,636,1693.88,3277.57
222,ready,1,2,1,636,1369.57,4895.1
223,ready,2,1,0,636,4569.46,5780.71
224,ready,1,1,0,636,1411.01,2803.3
225,ready,1,3,2,636,1676.93,5084.51
226,ready,1,3,2,636,1958.27,4908.42
227,ready,2,1,0,636,4112.85,5489.16
228,ready,2,1,0,636,3449.11,5465.05
229,ready,1,1,0,636,1869.05,4353.65
230,ready,2,1,0,636,3385.83,4328.3
231,ready,1,1,0,636,1315.38,3364.34
232,ready,1,1,0,636,1722.21,3329.63
233,ready,1,1,0,636,1528.53,3213.19
234,ready,1,1,0,636,1289.77,2633.53
235,ready,1,1,0,636,1176.83,2633.41
236,ready,1,1,0,636,1627.36,4042.9
237,ready,1,1,0,636,2040.24,3385.85
238,ready,1,2,1,636,1332.95,3748.32
239,ready,1,1,0,636,1226.59,3453.75
240,ready,1,1,0,636,1472.54,4065.84
241,ready,1,1,0,636,1693.92,3135
242,ready,2,1,0,636,3759.16,4881.96
243,ready,1,2,1,636,1340.4,3322.12
244,ready,1,1,0,636,2249.55,3547.39
245,ready,2,1,0,636,4296.39,6190.52
246,ready,1,1,0,636,1222.94,3410.32
247,ready,1,1,0,636,1522.94,3135.18
248,ready,1,1,0,636,2218.7,3507.03
249,ready,1,1,0,636,1390.74,3029.61
250,ready,1,1,0,636,1131.89,2794.62
251,ready,1,2,1,636,2346.94,4114.66
252,ready,2,2,1,636,4075.44,6855.42
253,ready,1,1,0,636,2533.29,3782.03
254,ready,2,1,0,636,3320.77,4238.16
255,ready,1,1,0,636,1714.41,2929.71
256,ready,1,1,0,636,1958.38,3156.28
257,ready,1,1,0,636,2134.94,4395.86
258,ready,1,1,0,636,2047.18,3098.45
259,ready,1,1,0,636,1245.21,2620.32
260,ready,1,1,0,636,1862.92,4041.74
261,ready,1,1,0,636,1275.55,3524.74
262,ready,1,1,0,636,1246.91,2772.67
263,ready,1,1,0,636,1585.79,2984.77
264,ready,1,1,0,636,1429.31,3543.11
265,ready,1,1,0,636,1202.87,2912.85
266,ready,1,1,0,636,2047.14,3233.57
267,ready,2,2,1,636,3947.21,5870.24
268,ready,1,2,1,636,1527.06,3811.18
269,ready,1,1,0,636,1205.78,3612.74
270,ready,1,1,0,636,1173.15,2721.34
271,ready,1,1,0,636,1230.57,3127.47
272,ready,1,1,0,636,2468.82,4714.87
273,ready,1,1,0,636,2013.85,3125.87
274,ready,1,1,0,636,2292.42,3374.43
275,ready,1,1,0,636,2557.93,3874.17
276,ready,1,1,0,636,2472.49,4604.55
277,ready,1,1,0,636,1289.8,3231.44
278,ready,1,1,0,636,2403.19,3439.18
279,ready,2,1,0,636,4496.97,6851.86
280,ready,1,1,0,636,1513.53,3194.75
281,ready,1,1,0,636,1958.16,3232.39
282,ready,1,1,0,636,1629.15,4173.06
283,ready,1,1,0,636,1934.64,3952.71
284,ready,1,1,0,636,1561.4,3097.69
285,ready,1,1,0,636,1990.65,4218.02
286,ready,1,1,0,636,2307.85,3725.1
287,ready,2,1,0,636,3708.51,4878.04
288,ready,1,1,0,636,2313.57,3509.77
289,ready,1,1,0,636,2345.63,4197.89
290,ready,1,1,0,636,1437.79,3171.95
291,ready,1,1,0,636,1586.06,3223.58
292,ready,1,1,0,636,1628.83,2837.28
293,ready,1,2,1,636,2206.68,4300.95
294,ready,1,1,0,636,1563.12,3920.1
295,ready,1,2,1,636,1255.47,4090.51
296,ready,1,1,0,636,1412.46,3217.88
297,ready,1,1,0,636,2473.9,4799.88
298,ready,1,1,0,636,1317.77,3331.02
299,ready,2,1,0,636,3312.43,5263.15
300,ready,1,1,0,636,1934.69,4268.56
301,ready,1,1,0,636,1488.16,3177.58
302,ready,1,1,0,636,2178.13,3820.02
303,ready,1,1,0,636,1472.75,2694.72
304,ready,1,2,1,636,1206.97,3683.08
305,ready,1,1,0,636,1934.59,3213.15
306,ready,1,1,0,636,2040.22,3597.07
307,ready,1,1,0,636,2522.58,4314.08
308,ready,1,2,1,636,1227.81,3332.21
309,ready,1,2,1,636,1871.61,4903.17
310,ready,1,1,0,636,2584.5,4268.36
311,ready,1,1,0,636,2040.33,3146.44
312,ready,1,1,0,636,1304.27,2633.39
313,ready,1,1,0,636,2279.82,4032.94
314,ready,1,1,0,636,1472.5,3851.57
315,ready,1,1,0,636,1642.64,4152.03
316,ready,2,1,0,636,3689.99,5870.15
317,ready,1,1,0,636,2346.98,3359.43
318,ready,1,1,0,636,1332.99,3167.63
319,ready,2,1,0,636,3507,5463.64
320,ready,1,1,0,636,1412.42,3217.91
321,ready,1,1,0,636,2489.56,4671.35
322,ready,1,1,0,636,1676.87,2794.56
323,ready,1,1,0,636,1504.31,2866.86
324,ready,1,1,0,636,1658.04,3130.07
325,ready,1,1,0,636,1429.18,2572.27
326,ready,1,2,1,636,1232.26,3410.33
327,ready,1,1,0,636,1399.61,3485.92
328,ready,1,1,0,636,2157.44,3219.22
329,ready,1,1,0,636,1261.52,2775.03
330,ready,1,1,0,636,2414.77,3748.3
331,ready,1,2,1,636,1266.38,3541.69
332,ready,1,1,0,636,1370.95,3284.5
333,ready,1,1,0,636,1658.25,3959.88
334,ready,1,1,0,636,1151.6,3381.16
335,ready,1,1,0,636,1288.31,2477.57
336,ready,1,1,0,636,1629.11,3973.54
337,ready,1,1,0,636,1260,2928.46
338,ready,1,1,0,636,2094.27,3936.27
339,ready,1,1,0,636,2095.63,3385.86
340,ready,1,1,0,636,1147.03,3168.96
341,ready,1,1,0,636,2394.05,3541.67
342,ready,1,2,1,636,1340.35,3937.42
343,ready,1,1,0,636,1801.53,3583.22
344,ready,1,1,0,636,2212.5,4339.27
345,ready,1,1,0,636,2570.76,3843.82
346,ready,1,1,0,636,1429.44,3144.42
347,ready,1,2,1,636,1676.98,4822.5
348,ready,1,1,0,636,2233.67,4383.45
349,ready,1,1,0,636,1869.07,3314.98
350,ready,1,1,0,636,1958.31,3401.63
351,ready,1,1,0,636,1897.42,2984.67
352,ready,1,1,0,636,1139.04,2575.12
353,ready,1,1,0,636,1264.24,3556.14
354,ready,1,1,0,636,2121.09,4268.32
355,ready,1,1,0,636,1390.66,3097.89
356,ready,1,1,0,636,1591.93,3183.14
357,ready,1,1,0,636,1995.37,4555.57
358,ready,2,1,0,636,4201.98,5238.83
359,ready,1,1,0,636,1387.64,2725.08
360,ready,1,1,0,636,2116.46,4059.97
361,ready,1,1,0,636,1867.31,3282.06
362,ready,1,1,0,636,1887.71,4318.32
363,ready,1,1,0,636,2404.33,4383.38
364,ready,1,1,0,636,1934.71,2929.77
365,ready,2,1,0,636,3973.5,5728.36
366,ready,1,1,0,636,2108.6,3458.23
367,ready,1,1,0,636,2157.38,4388.29
368,ready,1,1,0,636,2389.4,3804.55
369,ready,2,1,0,636,3803.29,5779.35
370,ready,1,1,0,636,1960.84,4206.19
371,ready,1,1,0,636,1496.91,3211.29
372,ready,1,1,0,636,1105.42,3117.08
373,ready,1,1,0,636,1974.82,3524.72
374,ready,2,1,0,636,3183.11,5125.76
375,ready,1,1,0,636,1071.58,2416.17
376,ready,1,1,0,636,2064.77,3576.94
377,ready,1,1,0,636,1245.19,2499
378,ready,1,2,1,636,2157.41,5252.68
379,ready,1,1,0,636,2491.08,3597.05
380,ready,1,1,0,636,1315.35,3739.2
381,ready,1,1,0,636,1275.47,3543.19
382,ready,1,1,0,636,1658.19,2823.06
383,ready,1,1,0,636,1528.43,3894.89
384,notice_fetch_failed,1,3,2,240,1887.65,3596.94
385,ready,1,1,0,636,1311.71,3693.88
386,ready,1,1,0,636,2286.72,3894.88
387,ready,1,1,0,636,1443.81,2983.89
388,ready,1,1,0,636,2040.11,3472.88
389,ready,1,1,0,636,1409.72,2775.07
390,ready,1,1,0,636,1958.47,3130.06
391,ready,1,2,1,636,2600.98,5168.28
392,ready,1,1,0,636,2013.87,3778.05
393,ready,1,1,0,636,1958.25,3461.44
394,ready,2,1,0,636,3678.62,5010.68
395,ready,1,2,1,636,1254.08,4258.46
396,ready,1,1,0,636,2533.26,4533.04
397,ready,1,2,1,636,1785.27,4677.14
398,ready,1,1,0,636,1891.27,3524.7
399,ready,1,1,0,636,1429.41,3127.49
400,ready,1,1,0,636,1281.38,3938.64
401,ready,1,1,0,636,1785.32,2911.63
402,ready,2,1,0,636,3050.31,5263.07
403,ready,1,1,0,636,1275.51,2586.86
404,ready,1,2,1,636,2234.96,4699.62
405,ready,2,1,0,636,4383.5,6172.11
406,ready,2,1,0,636,2899.14,4397.08
407,ready,1,1,0,636,2076.41,3826.88
408,ready,1,1,0,636,1799.2,3240.19
409,ready,1,1,0,636,1304.24,2633.34
410,ready,1,1,0,636,2345.59,3640.59
411,ready,1,1,0,636,1886.24,4095.79
412,ready,1,1,0,636,1559.71,3030.05
413,ready,1,1,0,636,1427.76,3639.25
414,ready,1,1,0,636,1628.99,3406.24
415,ready,1,1,0,636,2403.15,3872.71
416,ready,1,1,0,636,2329.29,4585.99
417,ready,1,1,0,636,2040.26,2929.74
418,ready,1,1,0,636,1139.02,3029.73
419,ready,1,1,0,636,1146.94,3568.46
420,ready,1,1,0,636,1903.09,3443.51
421,ready,1,1,0,636,1252.44,3503.19
422,ready,1,1,0,636,1254.15,2527.84
423,ready,1,1,0,636,1460.98,3507.1
424,ready,1,1,0,636,2171.02,4383.36
425,ready,2,1,0,636,3678.57,5731.55
426,ready,1,1,0,636,1390.68,2852.26
427,ready,1,2,1,636,1130,4152.1
428,ready,3,1,0,636,6870.75,8475.15
429,ready,1,2,1,636,2076.22,4471.49
430,ready,1,1,0,636,1397.06,3527.4
431,ready,1,1,0,636,1204.3,2732.33
432,ready,1,2,1,636,1867.35,3369.39
433,ready,1,1,0,636,1795.71,3029.57
434,ready,1,1,0,636,1453.92,2911.55
435,ready,1,1,0,636,2005.55,3285.68
436,ready,2,1,0,636,3232.35,4792.86
437,ready,1,1,0,636,1399.51,3117.1
438,ready,1,1,0,636,1390.79,3509.81
439,ready,1,1,0,636,1099.77,3120.43
440,ready,1,1,0,636,2204.11,3521.73
441,ready,1,1,0,636,2359.09,3348.39
442,ready,1,2,1,636,2040.36,4070.49
443,ready,1,1,0,636,1716.98,3189.73
444,ready,1,1,0,636,2130.36,3116.63
445,ready,1,1,0,636,1504.18,3250.81
446,ready,1,2,1,636,1497.11,4474.97
447,ready,1,1,0,636,1533.58,3494.06
448,ready,1,1,0,636,1289.67,3722.87
449,ready,1,1,0,636,1292.39,3271.91
450,ready,1,1,0,636,1715.75,3694.69
451,ready,1,1,0,636,2116.43,3690.16
452,ready,1,2,1,636,1198.71,4443.07
453,ready,1,1,0,636,1181.46,3267.83
454,ready,1,1,0,636,1194.96,3577.38
455,ready,1,1,0,636,1677.1,3056.21
456,ready,2,1,0,636,3943.07,4888.31
457,ready,1,1,0,636,1933.05,3796.16
458,ready,1,1,0,636,2094.32,3881.45
459,ready,2,1,0,636,4080.45,5205.92
460,ready,1,1,0,636,1974.79,3213.16
461,ready,2,1,0,636,3827.09,5954.6
462,ready,1,1,0,636,2374.47,3831.03
463,ready,1,1,0,636,1292.45,2882.79
464,ready,1,1,0,636,1933.1,3461.41
465,ready,1,1,0,636,1933.12,3454.96
466,ready,1,1,0,636,2233.61,4699.64
467,ready,1,1,0,636,1304.16,3410.28
468,ready,1,1,0,636,1561.51,3114.22
469,ready,1,1,0,636,1226.61,3154.22
470,ready,1,1,0,636,1990.67,4057.34
471,ready,1,1,0,636,2076.38,4531.47
472,ready,1,1,0,636,2434.75,4383.4
473,ready,1,1,0,636,1131.91,2825.54
474,ready,1,1,0,636,2544.31,4430.09
475,ready,1,1,0,636,2172.27,4466.84
476,ready,1,1,0,636,1122.24,2929.63
477,ready,1,1,0,636,2005.61,3650.32
478,ready,1,1,0,636,1289.75,2514.18
479,ready,1,1,0,636,1311.77,2941.8
480,ready,1,1,0,636,1173.19,2330.62
481,ready,1,1,0,636,2289.66,3672.13
482,ready,1,1,0,636,1787.33,3406.2
483,ready,2,1,0,636,4376.13,6807.04
484,ready,1,1,0,636,2013.83,4463.33
485,ready,3,1,0,636,5614.65,7874.35
486,ready,1,1,0,636,1808.3,3282.12
487,ready,1,1,0,636,1958.36,4339.25
488,ready,2,1,0,636,3813.21,5913.24
489,ready,2,1,0,636,3967.58,5851.74
490,ready,1,1,0,636,1838.68,2883.09
491,ready,1,1,0,636,1301.73,2604.68
492,ready,2,1,0,636,3086.55,5381.78
493,ready,1,1,0,636,1264.27,2633.48
494,ready,1,1,0,636,1277,3543.21
495,ready,1,1,0,636,1248.21,3524.75
496,ready,1,1,0,636,1369.49,2876.16
497,ready,1,2,1,636,1786.84,4792.82
498,ready,1,1,0,636,1871.35,3796.17
499,ready,1,1,0,636,2178.16,3597
500,ready,1,1,0,636,1544.28,3426.22
501,ready,1,1,0,636,2094.34,3493.74
502,ready,3,1,0,636,6911.3,9018.76
503,ready,2,1,0,636,3478.2,4857.73
504,ready,1,1,0,636,1346.82,3942.92
505,ready,1,1,0,636,1787.31,2775.09
506,ready,1,1,0,636,2600.91,4569.61
507,ready,1,1,0,636,1099.81,2514.15
508,ready,1,2,1,636,1429.48,4551.27
509,ready,2,1,0,636,3492.31,4912.82
510,ready,1,1,0,636,1513.9,3401.65
511,ready,2,1,0,636,4287.03,6807.07
512,ready,1,1,0,636,1513.85,3488.28
513,ready,1,1,0,636,1647.38,2984.01
514,ready,1,2,1,636,2053.93,4157.9
515,ready,1,1,0,636,1194.87,2604.72
516,ready,1,1,0,636,1443.75,2633.36
517,ready,1,1,0,636,1561.63,3920.12
518,ready,3,1,0,636,6152.54,8475.3
519,ready,1,1,0,636,1865.93,3764.24
520,ready,2,1,0,636,4294.04,5278.69
521,ready,1,1,0,636,2438.74,4604.57
522,ready,1,1,0,636,2204.07,3483.82
523,ready,1,1,0,636,2254.58,4531.41
524,ready,1,1,0,636,1478.14,3215.53
525,ready,1,1,0,636,1352.41,2659.98
526,ready,1,1,0,636,1629.07,3935.4
527,ready,1,1,0,636,2403.17,4177.01
528,ready,1,2,1,636,1933.08,4462.65
529,ready,1,1,0,636,1459.71,3073.68
530,ready,1,1,0,636,1130.09,2336.84
531,ready,1,1,0,636,2440.12,3602.75
532,ready,1,1,0,636,1958.29,3056.6
533,ready,1,1,0,636,2292.48,4678.4
534,ready,1,1,0,636,1147.06,3258.46
535,ready,1,1,0,636,1163.07,2751.58
536,ready,1,1,0,636,1110.5,2928.37
537,ready,1,1,0,636,1504.26,2929.76
538,ready,1,1,0,636,1513.75,3792.46
539,ready,1,1,0,636,1303.22,2928.22
540,ready,1,1,0,636,1497.3,3778.1
541,ready,1,1,0,636,1353.56,3056.83
542,ready,1,1,0,636,1785.37,3056.92
543,ready,1,1,0,636,1311.79,3406.25
544,ready,1,1,0,636,1513.64,2838.85
545,ready,1,1,0,636,1313.96,3427.67
546,ready,1,1,0,636,1628.75,3683.05
547,ready,1,1,0,636,2157.36,3364.3
548,ready,1,1,0,636,1411.08,3830.96
549,ready,1,1,0,636,1216.33,3293.84
550,ready,1,1,0,636,1115.18,2359.05
551,ready,1,1,0,636,1156.17,2732.29
552,ready,1,1,0,636,1099.72,2983.76
553,ready,1,2,1,636,1437.88,3313.72
554,ready,1,1,0,636,2204.24,3672.1
555,ready,1,1,0,636,1871.57,3120.4
556,ready,1,3,2,636,1292.42,5129.7
557,ready,1,1,0,636,2249.65,3337.43
558,ready,1,3,2,636,1147.08,4822.6
559,ready,1,1,0,636,2572.06,3893.68
560,ready,1,1,0,636,1390.77,3535.51
561,ready,1,1,0,636,1886.3,4010.48
562,ready,1,1,0,636,2171.07,3442.95
563,ready,1,1,0,636,1786.78,3170.65
564,ready,1,1,0,636,1481,3001.1
565,ready,1,3,2,636,2557.99,6061.28
566,ready,2,2,1,636,3227.09,6508.96
567,ready,1,1,0,636,1340.17,3029.74
568,ready,1,1,0,636,1390.71,3313.7
569,ready,1,1,0,636,1429.13,2912.83
570,ready,1,1,0,636,1329.04,3138.09
571,ready,1,1,0,636,2204.27,4112.89
572,ready,1,2,1,636,2076.4,4836.17
573,ready,1,1,0,636,1226.53,3597.06
574,ready,1,1,0,636,1867.46,4187.83
575,ready,1,1,0,636,2204.2,3716.49
576,ready,1,1,0,636,1676.96,3580.6
577,ready,1,1,0,636,1717.03,2983.93
578,ready,1,1,0,636,1783.89,3993.91
579,ready,1,1,0,636,2116.39,4027.85
580,ready,2,1,0,636,4044.1,5643.8
581,ready,1,1,0,636,1869.1,4206.23
582,ready,1,1,0,636,2522.61,4635.63
583,ready,1,1,0,636,1642.53,3635.1
584,ready,1,1,0,636,1887.62,3098.43
585,ready,1,1,0,636,2218.62,3568.47
586,ready,1,1,0,636,2325.05,3903.14
587,ready,2,1,0,636,3127.44,5177.82
588,ready,1,1,0,636,1248.14,3297.19
589,ready,2,1,0,636,3597.22,5219.31
590,ready,1,2,1,636,1326.72,3130.03
591,ready,1,1,0,636,1808.26,3969.04
592,ready,1,1,0,636,1563.16,3875.8
593,ready,1,2,1,636,1340.2,4305.45
594,ready,1,1,0,636,2172.29,4090.53
595,ready,2,1,0,636,3211.23,5194.45
596,ready,2,1,0,636,3250.77,5219.18
597,ready,1,1,0,636,1787.35,2928.35
598,ready,1,1,0,636,1628.88,3432.11
599,ready,1,1,0,636,2267.27,3406.23
600,ready,1,2,1,636,1303.25,2984.76
601,ready,2,3,2,636,4233.39,8226.65
602,ready,1,1,0,636,1183.19,2743.61
603,ready,1,1,0,636,1488.01,3127.48
604,ready,1,1,0,636,2157.28,4299.85
605,ready,1,1,0,636,1934.63,4345.49
606,ready,1,1,0,636,2279.99,4647.97
607,ready,2,1,0,636,3598.92,4596.26
608,ready,1,1,0,636,1974.81,4205.53
609,ready,1,1,0,636,2353,4443.01
610,ready,1,2,1,636,2076.43,4169.65
611,ready,1,1,0,636,1891.29,3546.19
612,ready,1,1,0,636,2596.87,4795.25
613,ready,2,1,0,636,4054.73,5590.54
614,ready,1,3,2,636,2557.96,6842.28
615,ready,1,1,0,636,1595.63,3804.58
616,ready,1,1,0,636,1346.85,3783.4
617,ready,1,1,0,636,1802.83,2891.57
618,ready,1,2,1,636,1460.94,4145.1
619,ready,1,1,0,636,2005.59,3187.2
620,ready,1,2,1,636,1497.06,3348.42
621,ready,1,1,0,636,1151.62,2470.11
622,ready,1,1,0,636,1367.32,3602.73
623,ready,1,1,0,636,1198.82,3015.16
624,ready,1,1,0,636,1458.47,2594.13
625,ready,1,1,0,636,1390.82,3493.66
626,ready,1,1,0,636,1897.39,3163.33
627,ready,1,1,0,636,1216.28,2984.15
628,ready,1,1,0,636,1489.4,3167.6
629,ready,1,1,0,636,1221.72,2492.65
630,ready,1,2,1,636,1390.85,3008.4
631,ready,1,1,0,636,1976.03,3230.61
632,ready,1,1,0,636,1204.27,3568.44
633,ready,1,1,0,636,1230.62,2527.87
634,ready,1,1,0,636,2162.44,4333.44
635,ready,1,1,0,636,1289.82,2592.86
636,ready,1,2,1,636,1677.01,4252.18
637,ready,1,1,0,636,1303.19,2984.69
638,ready,1,2,1,636,1147,3195.97
639,ready,2,1,0,636,3875.59,5906.9
640,ready,1,1,0,636,1869.08,3922.46
641,ready,1,1,0,636,1105.36,2633.46
642,ready,1,1,0,636,1288.28,3635.12
643,ready,1,1,0,636,1342.03,3553.47
644,ready,3,1,0,636,5749.51,8351.35
645,ready,1,1,0,636,1642.98,3332.2
646,ready,2,2,1,636,3559.72,5559.99
647,ready,1,1,0,636,1497,3322.14
648,ready,1,1,0,636,1472.61,3231.48
649,ready,1,1,0,636,1889.08,3313.74
650,ready,1,1,0,636,1717.01,2911.61
651,ready,1,1,0,636,1526.95,3514.41
652,ready,2,1,0,636,2949.48,4194.04
653,ready,1,1,0,636,1890.42,3536.63
654,ready,1,2,1,636,2534.65,4822.57
655,ready,2,2,1,636,4297.49,6655.33
656,ready,1,1,0,636,1628.93,3472.86
657,ready,1,1,0,636,1658.16,3073.63
658,ready,1,1,0,636,2125.23,4167.79
659,ready,1,1,0,636,1311.74,2781.23
660,ready,1,1,0,636,2651.14,4027.88
661,ready,1,1,0,636,1122.27,3098.41
662,ready,1,2,1,636,1934.61,4057.32
663,ready,1,1,0,636,1489.47,3656.1
664,ready,2,1,0,636,4002.84,5627.5
665,ready,2,1,0,636,4096.88,5818.38
666,ready,1,1,0,636,1871.77,3112.96
667,ready,1,1,0,636,1349.32,2620.36
668,ready,1,1,0,636,1597.31,2984.72
669,ready,1,1,0,636,1498.94,2694.7
670,ready,1,1,0,636,1267.36,2696.07
671,ready,1,1,0,636,2047.2,3282.1
672,ready,1,2,1,636,1658.22,3578.05
673,ready,1,1,0,636,1350.52,2824.31
674,ready,3,1,0,636,5673.42,6826.68
675,ready,1,1,0,636,1312.63,2562.7
676,ready,1,1,0,636,1472.65,2983.61
677,ready,1,1,0,636,1411.14,2777.17
678,ready,1,1,0,636,1246.94,2703.32
679,ready,2,1,0,636,3789.56,4872.83
680,ready,1,2,1,636,1443.71,4072.1
681,ready,1,1,0,636,2122.13,3369.21
682,ready,1,2,1,636,2345.66,4187.77
683,ready,1,1,0,636,1513.45,3369.44
684,ready,1,3,2,636,1255.44,5627.44
685,ready,1,1,0,636,1264.29,2928.05
686,ready,1,1,0,636,1648.75,3374.39
687,ready,1,1,0,636,2242.73,4114.62
688,ready,1,1,0,636,2374.48,4761.32
689,ready,1,1,0,636,2570.83,4775.06
690,ready,1,1,0,636,1303.31,3430.59
691,ready,2,1,0,636,4509.23,6647.27
692,ready,1,1,0,636,1462.21,3290.44
693,ready,1,1,0,636,2212.59,3102.31
694,ready,1,1,0,636,1370.92,2893.13
695,ready,2,1,0,636,3886.18,5376.33
696,ready,1,1,0,636,1255.42,3242.23
697,ready,3,2,1,636,5694.2,8480.76
698,ready,1,1,0,636,1367.35,3313.73
699,ready,1,2,1,636,1497.2,3558.29
700,ready,1,1,0,636,2083.8,4335.78
701,ready,1,1,0,636,1990.64,3264.26
702,ready,1,1,0,636,1215.11,3142.01
703,ready,1,1,0,636,1886.28,3369.29
704,ready,1,1,0,636,1806.85,3514.04
705,ready,1,1,0,636,2161.21,4167.94
706,ready,1,2,1,636,1526.88,4216.65
707,ready,1,1,0,636,2374.45,3398.16
708,ready,1,1,0,636,2233.35,3869.53
709,ready,1,1,0,636,1677.17,2721.3
710,ready,1,1,0,636,1887.67,4253.54
711,ready,2,1,0,636,3444.75,5655.54
712,ready,1,1,0,636,1103.91,3071.73
713,ready,1,1,0,636,1561.25,3056.48
714,ready,1,1,0,636,2233.49,4404.33
715,ready,1,1,0,636,1786.8,3236.16
716,ready,1,1,0,636,1958.42,4187.72
717,ready,1,1,0,636,2013.8,4296.37
718,ready,1,1,0,636,1109.43,2482.87
719,ready,1,1,0,636,1340.29,2912.8
720,ready,3,2,1,636,5666.29,8802.4
721,ready,2,1,0,636,4223.4,5843.14
722,ready,1,1,0,636,2352.98,3864.68
723,ready,1,1,0,636,2534.68,4350.2
724,ready,1,1,0,636,1137.76,2775.15
725,ready,1,1,0,636,1890.37,4134.24
726,ready,1,1,0,636,2157.33,4620.47
727,ready,1,2,1,636,1409.68,4293.99
728,ready,1,1,0,636,2045.93,3562.37
729,ready,1,1,0,636,1281.41,3142.04
730,ready,1,1,0,636,2076.27,3893.66
731,ready,1,2,1,636,1890.4,4019.4
732,ready,1,1,0,636,2403.21,3749.52
733,ready,1,1,0,636,1142.9,2514.1
734,ready,1,1,0,636,1301.66,3764.2
735,ready,1,2,1,636,2522.55,5327.17
736,ready,1,1,0,636,1210.47,3353.96
737,ready,1,1,0,636,1591.89,3886.31
738,ready,1,1,0,636,1595.52,2774.91
739,ready,1,2,1,636,1991.4,4174.72
740,ready,1,1,0,636,2438.68,4889.95
741,ready,1,2,1,636,1561.31,4268.58
742,ready,1,1,0,636,2172.31,4383.47
743,ready,2,2,1,636,4159.07,5731.4
744,ready,1,1,0,636,1411.05,2984.74
745,ready,1,1,0,636,1138.99,3282
746,ready,1,1,0,636,2252.13,3488.31
747,ready,1,1,0,636,1897.4,3208.12
748,ready,1,1,0,636,2329.24,3797.54
749,ready,1,1,0,636,1121.42,3098.48
750,ready,1,1,0,636,2204.18,3516.64
751,ready,1,2,1,636,1658.12,4552.62
752,ready,1,1,0,636,2367.29,4597.52
753,ready,1,1,0,636,1504.38,3138.06
754,ready,1,1,0,636,1643.11,3056.88
755,ready,1,1,0,636,1478.09,4068.99
756,ready,1,1,0,636,1281.33,3102.27
757,ready,1,1,0,636,2162.47,3182.57
758,ready,2,1,0,636,4836.11,5777.92
759,ready,1,1,0,636,1629.18,2838.84
760,ready,1,1,0,636,1786.85,4145.05
761,ready,1,1,0,636,2122.08,4397.11
762,ready,1,1,0,636,1643.32,3439.13
763,ready,1,1,0,636,1109.29,3073.66
764,ready,1,1,0,636,1567.22,3022.28
765,ready,1,1,0,636,1717.07,3273.13
766,ready,1,1,0,636,1567.28,2667.9
767,ready,1,1,0,636,1864.36,3925.93
768,ready,1,1,0,636,1340.23,3330.98
769,ready,1,1,0,636,1973.52,3315.04
770,ready,1,1,0,636,1429.21,3548.57
771,ready,1,1,0,636,1973.56,4208.58
772,ready,1,1,0,636,1145.49,2477.53
773,ready,1,1,0,636,1267.34,3073.7
774,ready,1,1,0,636,1142.94,3849.02
775,ready,1,1,0,636,1585.75,3499.75
776,ready,1,1,0,636,2468.78,4058.56
777,ready,2,1,0,636,3098.1,4895
778,ready,1,1,0,636,1340.5,2703.35
779,ready,1,1,0,636,1443.66,3022.27
780,ready,1,1,0,636,1156.24,3536.66
781,ready,1,1,0,636,1215.07,3102.32
782,ready,2,1,0,636,3074.93,4364.61
783,ready,1,1,0,636,2345.69,4973.11
784,ready,1,1,0,636,1449.29,2633.3
785,ready,1,1,0,636,1891.3,3178.03
786,ready,1,1,0,636,1533.48,2837.3
787,ready,1,1,0,636,1941.01,3733.28
788,ready,1,1,0,636,1367.38,3433.2
789,ready,1,1,0,636,2280.03,4019.43
790,ready,1,1,0,636,1301.76,3442.98
791,ready,1,1,0,636,1232.31,3181.29
792,ready,1,1,0,636,2440.18,3440.51
793,ready,1,2,1,636,2130.12,4424.76
794,ready,1,2,1,636,2289.71,4962.09
795,ready,1,1,0,636,2155.65,3231.49
796,ready,1,1,0,636,1643.26,3891.54
797,ready,2,1,0,636,3888.9,6197.35
798,ready,1,1,0,636,1409.76,3100.57
799,ready,2,1,0,636,3836.19,5010.75
800,ready,1,1,0,636,2289.69,3217.89
801,ready,1,2,1,636,1138.95,3881.43
802,ready,1,1,0,636,1267.38,3541.73
803,ready,1,1,0,636,1131.93,2941.74
804,ready,1,1,0,636,2329.27,3439.17
805,ready,1,1,0,636,1126.71,3261.8
806,ready,1,1,0,636,2076.25,3377.47
807,ready,1,1,0,636,2101.68,4391.02
808,ready,1,1,0,636,1863.01,3217.86
809,ready,1,1,0,636,1176.77,3220.1
810,ready,1,1,0,636,1253.99,2470.07
811,ready,1,1,0,636,1585.64,3149.17
812,ready,1,1,0,636,1486.48,2657.62
813,ready,1,1,0,636,1216.31,2825.51
814,ready,1,1,0,636,1648.8,3130.09
815,ready,1,2,1,636,1863.03,3862.1
816,ready,1,1,0,636,2462.72,4187.67
817,ready,1,1,0,636,1563.04,3348.32
818,ready,1,1,0,636,1317.8,2657.57
819,ready,1,1,0,636,1934.66,3433.19
820,ready,1,1,0,636,2076.35,4436.63
821,ready,1,1,0,636,2394.08,4801.58
822,ready,1,1,0,636,1647.06,3509.65
823,ready,1,1,0,636,1276.94,2781.12
824,ready,1,1,0,636,1190.2,2837.31
825,ready,1,1,0,636,2352.95,3996
826,ready,1,1,0,636,1513.96,3259.53
827,ready,1,1,0,636,2101.71,3913.97
828,ready,1,1,0,636,1785.3,3231.46
829,ready,1,1,0,636,1340.45,2694.66
830,ready,1,1,0,636,2249.62,4720.76
831,ready,1,1,0,636,1263.05,2824.3
832,ready,1,2,1,636,1126.62,4002.81
833,ready,1,1,0,636,1289.84,2837.36
834,ready,1,1,0,636,1399.53,3056.75
835,ready,1,1,0,636,1449.23,3273.15
836,ready,1,1,0,636,1244.77,3381.19
837,ready,1,1,0,636,2374.41,3266.6
838,ready,1,1,0,636,2557.87,5068.71
839,ready,1,1,0,636,1150.08,2837.33
840,ready,1,2,1,636,1487.96,3541.72
841,ready,1,1,0,636,1340.47,2530.68
842,ready,1,1,0,636,1597.25,2754.15
843,ready,1,1,0,636,2101.75,4158.92
844,ready,1,1,0,636,1198.63,3452.55
845,ready,1,1,0,636,1480.92,2738.39
846,ready,2,1,0,636,4293.95,6702.06
847,ready,1,1,0,636,2326.59,4614.01
848,ready,1,2,1,636,1612.11,4526.68
849,ready,1,1,0,636,1144.14,2775.12
850,ready,2,1,0,636,4184.15,6536.51
851,ready,1,1,0,636,1629.03,3440.53
852,ready,1,1,0,636,2307.82,4728.94
853,ready,1,1,0,636,1472.68,2840.06
854,ready,1,1,0,636,1437.84,3314.99
855,ready,1,1,0,636,1275.58,3161.65
856,ready,1,1,0,636,2076.37,3098.4
857,ready,1,1,0,636,1799.17,3462.76
858,ready,1,1,0,636,1254.18,2667.84
859,ready,2,1,0,636,3883.75,5127.34
860,ready,1,1,0,636,1411.11,3465.78
861,ready,1,1,0,636,2307.8,4569.58
862,ready,1,1,0,636,2235.05,3918.87
863,ready,2,1,0,636,3472.83,5380.03
864,ready,1,1,0,636,2374.5,3406.21
865,ready,1,1,0,636,1627.29,3337.46
866,ready,1,1,0,636,1863.06,3982.19
867,ready,1,1,0,636,1513.58,3233.59
868,ready,1,1,0,636,1332.9,2837.34
869,ready,1,1,0,636,1277.14,3098.29
870,ready,1,1,0,636,1390.49,2633.43
871,ready,1,1,0,636,2124.11,3245.4
872,ready,2,2,1,636,3226.3,6724.61
873,ready,2,1,0,636,4133.67,5940.37
874,ready,1,1,0,636,2600.95,3702.47
875,ready,3,1,0,636,6701.92,7892.97
876,ready,1,1,0,636,2534.62,4449.64
877,ready,1,1,0,636,1934.57,4206.21
878,ready,1,2,1,636,1527.11,4720.78
879,ready,1,1,0,636,1643.23,3972.29
880,ready,1,1,0,636,1786.88,4234.78
881,ready,1,1,0,636,1207.15,3213.12
882,ready,1,2,1,636,1109.4,3056.56
883,ready,1,2,1,636,2346.9,4725.36
884,ready,1,3,2,636,2076.31,5418.26
885,ready,1,1,0,636,1871.51,4113.11
886,ready,1,1,0,636,1390.6,3163.36
887,ready,1,1,0,636,1958.46,4430.06
888,ready,1,1,0,636,1591.81,2824.28
889,ready,1,1,0,636,2597.37,3585.53
890,ready,1,1,0,636,2597.4,4540.18
891,ready,1,1,0,636,2329.25,3851.59
892,ready,1,1,0,636,1109.34,2452.52
893,ready,2,1,0,636,4240.97,5118.13
894,ready,1,1,0,636,1489.44,3546.16
895,ready,1,1,0,636,1303.16,3534.23
896,ready,1,1,0,636,1561.48,3010.53
897,ready,1,1,0,636,1561.36,2984.71
898,ready,1,1,0,636,1226.56,3536.65
899,ready,1,1,0,636,2241.49,3274.25
900,ready,1,1,0,636,1288.23,3071.8
901,ready,1,1,0,636,1071.72,2575.19
902,ready,1,1,0,636,1629.22,3416.7
903,ready,2,1,0,636,4390.76,5738.6
904,ready,1,1,0,636,1958.49,4288.22
905,ready,1,1,0,636,1176.8,3416.67
906,ready,1,1,0,636,1629.26,3977.22
907,ready,1,1,0,636,1533.03,2891.58
908,ready,1,1,0,636,1934.67,2882.76
909,ready,1,1,0,636,2597.33,4113.13
910,ready,1,1,0,636,1715.78,3029.68
911,ready,1,1,0,636,1340.27,3957.47
912,ready,1,1,0,636,1458.39,3176.35
913,ready,1,1,0,636,1867.18,3796.1
914,ready,1,1,0,636,1429.28,3982.22
915,ready,1,2,1,636,1488.05,3639.26
916,ready,1,1,0,636,2578.39,4092.79
917,ready,1,1,0,636,2040.19,3961.08
918,ready,1,2,1,636,2052.66,4190.64
919,ready,1,1,0,636,2558.02,3918.85
920,ready,1,1,0,636,2243.97,4691.64
921,ready,1,1,0,636,2375.79,4187.74
922,ready,2,1,0,636,4447.26,6806.96
923,ready,1,1,0,636,1693.9,2775.11
924,ready,2,1,0,636,4362.08,5351.21
925,ready,1,1,0,636,2452.56,3562.4
926,ready,2,1,0,636,4608.03,5717.04
927,ready,1,1,0,636,1122.2,2708.69
928,ready,1,1,0,636,1303.29,3071.69
929,ready,1,1,0,636,1121.6,2530.71
930,ready,1,1,0,636,2496.58,4750.82
931,ready,1,3,2,636,1429.34,4412.29
932,ready,1,1,0,636,1260.05,3483.84
933,ready,1,1,0,636,2094.35,4332.24
934,ready,1,2,1,636,1369.54,4462.71
935,ready,1,1,0,636,1891.31,3138.13
936,ready,2,1,0,636,3325.9,5479.34
937,ready,1,1,0,636,1513.81,3948.45
938,ready,1,1,0,636,1863.08,3285.7
939,ready,1,1,0,636,2076.32,4228.36
940,ready,1,1,0,636,1527.17,2682.08
941,ready,1,1,0,636,2346.96,4383.42
942,ready,1,1,0,636,1146.97,3112.71
943,ready,1,1,0,636,1958.21,4178.48
944,ready,1,1,0,636,2374.52,4121.64
945,ready,1,1,0,636,1088.29,2660.04
946,ready,1,1,0,636,2306.58,4714.85
947,ready,1,1,0,636,2375.74,4345.53
948,ready,1,1,0,636,1390.53,2660.01
949,ready,1,1,0,636,2205.48,4018.83
950,ready,1,1,0,636,1276.98,3240.18
951,ready,1,1,0,636,1256.7,2788.22
952,ready,1,1,0,636,1542.99,3586.73
953,ready,1,1,0,636,1676.9,3071.75
954,ready,1,1,0,636,1974.84,3467.05
955,ready,1,1,0,636,1121.47,2878.21
956,ready,1,1,0,636,1399.64,3056.33
957,ready,2,1,0,636,3842.51,6494.66
958,ready,1,1,0,636,1472.71,3745.61
959,ready,1,1,0,636,1864.38,4356.73
960,ready,1,1,0,636,2440.21,4917.99
961,ready,1,1,0,636,1585.72,3349.65
962,ready,1,1,0,636,1113.74,2613.87
963,ready,1,1,0,636,2204.22,4497.08
964,ready,2,1,0,636,4010.52,6703.34
965,ready,1,1,0,636,2076.34,3573.05
966,ready,1,2,1,636,1267.32,4525.42
967,ready,4,1,0,636,9129.08,10066.83
968,ready,1,2,1,636,2100.21,4421.31
969,ready,2,1,0,636,3982.14,4962.01
970,ready,1,1,0,636,1248.19,3022.22
971,ready,1,1,0,636,2037.41,3703.06
972,ready,2,1,0,636,3972.25,5126.12
973,ready,1,1,0,636,1255.49,2592.89
974,ready,1,1,0,636,1176.71,3001.3
975,ready,2,2,1,636,4188.74,7731.88
976,ready,1,2,1,636,1248.17,2984.07
977,ready,1,1,0,636,1131.86,3172.82
978,ready,1,1,0,636,1625.5,3465.8
979,ready,1,1,0,636,2491.01,4042.86
980,ready,1,1,0,636,1183.48,3056.41
981,ready,2,1,0,636,3759.13,5238.86
982,ready,1,1,0,636,1871.63,4110.46
983,ready,1,1,0,636,1486.43,2911.58
984,ready,1,2,1,636,1867.4,4463.37
985,ready,1,1,0,636,1533.37,3668.33
986,ready,1,1,0,636,2093.74,3240.16
987,ready,1,1,0,636,1643.39,3392.83
988,ready,1,1,0,636,2162.49,4431.31
989,ready,1,1,0,636,1486.38,3840.77
990,ready,1,1,0,636,1390.56,3163.38
991,ready,1,1,0,636,1533.53,3564.36
992,ready,1,1,0,636,2040.15,3008.36
993,ready,2,1,0,636,2935.49,5227.24
994,ready,1,1,0,636,2116.48,3541.71
995,ready,1,1,0,636,2517.33,4042.88
996,ready,1,1,0,636,1303.12,3483.8
997,ready,1,1,0,636,1974.76,4388.25
998,ready,1,1,0,636,2094.3,4127.31
999,ready,2,1,0,636,4273.45,6529.81
1000,ready,1,1,0,636,2570.8,4933.79
